MovieID,Genre,Rating,Year
M1,Comedy,,
M1,Drama,8.5,2024
M2,N/A,,2023
M1,N/A,8.5,2024
,Action,,2023
,N/A,8.5,
,N/A,N/A,2024
,N/A,,2023
M1,Action,8.5,
,Action,N/A,2023
,Comedy,8.5,2023
M2,Comedy,,2023
,Drama,8.5,2023
M1,Action,,2024
,N/A,8.5,2023
M1,Comedy,8.5,2024
,Drama,,2024
M1,Action,,2023
,Drama,8.5,2024
,Drama,8.5,
M1,N/A,8.5,2023
M2,Action,8.5,
M1,Comedy,,2024
M1,Drama,8.5,2024
,Comedy,,2023
,Drama,8.5,2023
M2,Comedy,8.5,
,Comedy,N/A,2024
M2,N/A,N/A,
M2,Comedy,,2024
M1,N/A,N/A,2024
,N/A,,
,Action,8.5,2024
M1,Comedy,N/A,
M2,Comedy,8.5,2023
,Action,,2023
,Comedy,,2024
M1,Drama,8.5,2024
M2,Comedy,N/A,2023
,Drama,N/A,
M2,Drama,8.5,2023
,Action,8.5,2024
,N/A,,2024
M1,Drama,N/A,2023
M1,N/A,,
,Action,,2024
M1,Drama,,2023
,Comedy,N/A,2023
,Action,8.5,2024
M2,Action,,2023
M1,Action,N/A,2023
M1,Drama,8.5,
,Drama,N/A,2024
M1,N/A,8.5,2023
M2,Comedy,8.5,
M1,Comedy,,
,Drama,8.5,2023
,N/A,,2023
,N/A,N/A,2023
M1,Comedy,,
M1,Comedy,8.5,2023
M1,N/A,,2024
,Comedy,8.5,2024
,N/A,8.5,
M2,Comedy,8.5,2023
,Drama,8.5,
M1,Drama,N/A,2024
,N/A,8.5,2023
M2,Drama,8.5,2023
M1,Comedy,N/A,2023
M1,Drama,,
,Action,,
,Comedy,,
M2,Comedy,,2024
M2,Action,N/A,2023
M1,Drama,8.5,2024
M1,Action,8.5,2024
M2,N/A,8.5,2023
M1,Comedy,,2023
,Action,8.5,
M1,Drama,8.5,2023
M2,Action,,
,Drama,8.5,2024
M1,Action,8.5,2024
M1,N/A,8.5,2024
,N/A,,2023
M1,Comedy,8.5,2024
M1,Action,8.5,2024
M1,Comedy,8.5,2023
,Action,8.5,
M1,Drama,8.5,2024
M1,Drama,N/A,2023
M1,N/A,,
M2,Action,,
M2,Drama,8.5,2024
,N/A,8.5,2023
M1,Comedy,,
M1,Drama,8.5,2023
M2,Action,8.5,2023
M1,Action,N/A,
M2,Drama,N/A,2023
,N/A,8.5,
M2,Drama,8.5,2023
,Drama,,
M2,N/A,8.5,
M2,Drama,,
M2,N/A,N/A,2024
,Action,N/A,
M1,N/A,,2024
M1,N/A,8.5,2023
M2,Comedy,8.5,2023
M2,Drama,8.5,2024
M1,Drama,N/A,
M2,N/A,8.5,2023
,N/A,8.5,
M2,N/A,N/A,2024
,N/A,,2023
,Action,,2024
,Action,8.5,2023
,Comedy,N/A,
M1,Drama,8.5,2023
M1,Action,,2024
M1,Comedy,8.5,2023
M2,Drama,,2024
M1,Drama,8.5,2024
,Drama,N/A,2023
M1,Comedy,8.5,2023
M2,Action,8.5,
M2,N/A,8.5,2024
,N/A,8.5,2023
M1,Action,8.5,
,N/A,N/A,
M1,Action,N/A,2024
M2,Action,,
M1,N/A,8.5,2023
,Comedy,8.5,2024
,Comedy,8.5,2023
M2,N/A,8.5,2023
M1,Drama,,2023
M1,N/A,8.5,2024
M1,Drama,8.5,
,Comedy,8.5,2023
M2,Drama,N/A,2024
M2,Comedy,8.5,2023
M1,N/A,8.5,2024
M1,N/A,,
M1,Action,8.5,2024
,N/A,,2024
M2,Drama,8.5,2023
M1,Drama,8.5,2023
,N/A,N/A,
M2,Action,8.5,2023
,Action,N/A,2023
,Comedy,,2023
M1,Comedy,8.5,
,N/A,8.5,
M2,Action,,2023
M2,Drama,N/A,
M2,Drama,8.5,2024
M1,Comedy,8.5,
,Drama,8.5,
M1,Action,N/A,2023
M1,Comedy,8.5,2024
M1,N/A,8.5,2024
M2,Action,,2024
M1,Comedy,8.5,2023
,Comedy,N/A,2024
M2,Drama,8.5,2023
,N/A,8.5,2023
M2,Action,,
M1,Action,,
M1,Drama,8.5,2023
M1,Action,,
,Action,N/A,2023
M2,Action,8.5,2023
M2,Comedy,N/A,2024
M1,Drama,,2024
M2,N/A,,2024
M1,Comedy,N/A,2023
M1,Action,,
M1,Action,,2023
,Action,8.5,2024
,Drama,8.5,2024
M2,Action,8.5,2023
M1,Action,,2023
M2,Drama,8.5,2024
M1,Comedy,,2024
M1,Drama,8.5,2023
M1,N/A,8.5,
M2,Action,N/A,2023
M2,N/A,,2024
M1,Comedy,N/A,2023
M2,Action,N/A,2024
,Comedy,8.5,2024
M1,Comedy,8.5,2024
M2,Action,8.5,2024
M1,Drama,8.5,
,Action,,2023
M2,N/A,8.5,2024
,Comedy,N/A,2024
,Action,8.5,
,Comedy,8.5,2024
,Action,N/A,2024
M1,N/A,8.5,2023
M1,Comedy,N/A,2023
M1,N/A,8.5,
M1,Action,N/A,2024
M1,N/A,8.5,2023
,Drama,8.5,2023
M2,N/A,N/A,2024
M2,N/A,N/A,2024
M1,Comedy,,2024
,Action,8.5,
,Comedy,N/A,
M2,N/A,N/A,
,Drama,8.5,2023
M2,Comedy,,2024
,Action,8.5,
M1,Action,8.5,2023
,Action,8.5,
M2,N/A,N/A,2023
,Comedy,8.5,
,Action,8.5,2024
M1,Comedy,N/A,
M1,Comedy,,
M2,Comedy,8.5,2024
M2,Comedy,N/A,2024
M1,N/A,N/A,2023
,Action,8.5,2024
M2,Drama,8.5,2023
,Action,8.5,2023
M1,Drama,,2024
M2,N/A,8.5,2024
,Action,8.5,2023
M2,Action,N/A,
M2,N/A,,2024
M2,Comedy,N/A,2023
M1,Action,N/A,2023
M2,Comedy,8.5,2024
M1,N/A,8.5,2023
M2,Comedy,8.5,2023
M1,Action,8.5,2024
M2,Action,,2023
M1,Drama,8.5,2023
M1,Comedy,N/A,2023
M2,Action,8.5,2023
M2,N/A,N/A,2024
,N/A,8.5,
M1,Drama,8.5,2024
M2,Drama,N/A,2023
M1,Comedy,N/A,2024
,Drama,8.5,2024
,Action,8.5,
M2,Comedy,,2023
,Comedy,8.5,
,N/A,N/A,
,Drama,8.5,2023
,N/A,8.5,2023
M2,Action,8.5,2024
,Action,8.5,
M2,Comedy,,
M2,Drama,N/A,2023
M1,Action,,
M2,Comedy,8.5,2024
,Drama,8.5,
M2,Comedy,8.5,
,Action,N/A,
,Drama,,
M2,Action,,2023
,Comedy,8.5,
M2,N/A,8.5,2023
,Action,8.5,2023
M1,N/A,N/A,2024
,Action,,
,N/A,,2023
M1,N/A,,2023
M1,N/A,N/A,2024
M1,Comedy,,
,Drama,,2024
M1,Drama,N/A,2024
,Drama,,2023
M1,Action,8.5,2024
,N/A,,
M1,N/A,,
M1,Comedy,8.5,2024
,Comedy,,
M1,Drama,8.5,
M2,N/A,8.5,
,N/A,8.5,2023
M1,N/A,8.5,2023
,Comedy,N/A,2023
M1,Comedy,8.5,2024
M2,Drama,8.5,2023
M1,Action,,2023
,Action,N/A,2023
M2,N/A,,
,Action,,2024
M2,N/A,,
,Action,8.5,2023
,Action,,2024
M2,Comedy,8.5,2023
,Comedy,8.5,
M2,N/A,,
M1,N/A,8.5,
,N/A,,2023
M2,N/A,8.5,2023
,Drama,8.5,2023
M1,N/A,8.5,
M1,Comedy,8.5,2023
M1,Comedy,8.5,
,Drama,8.5,2023
,N/A,N/A,
M2,N/A,8.5,2024
,Drama,,2023
,Drama,8.5,
M1,Comedy,N/A,
M1,N/A,N/A,2024
M1,N/A,N/A,2024
,N/A,N/A,
,Comedy,8.5,2023
,N/A,8.5,
,Comedy,N/A,2023
,Action,N/A,2023
M2,N/A,8.5,2023
,Drama,,2024
,Comedy,8.5,2024
M2,Drama,8.5,2023
,N/A,N/A,2023
M2,N/A,8.5,
,Comedy,8.5,2023
,N/A,8.5,2024
M2,Drama,,2023
M1,Comedy,8.5,2023
M1,Comedy,,2023
,Action,8.5,
M2,N/A,,
M2,N/A,8.5,
M2,Drama,8.5,2023
M1,Action,,
,Drama,8.5,
M2,Action,8.5,2023
M2,Action,,2023
M1,Drama,,2024
M1,Comedy,8.5,2023
M1,Drama,8.5,2023
M2,Comedy,,2024
M1,Action,8.5,2024
M1,Action,,2024
M1,N/A,8.5,
M2,Action,,2023
M1,N/A,8.5,2024
,N/A,N/A,2024
M2,Comedy,8.5,
M1,Comedy,8.5,
M2,Comedy,8.5,
,Action,N/A,
M2,Comedy,8.5,2024
M2,Comedy,8.5,
M1,N/A,8.5,2024
,Comedy,,
M2,N/A,8.5,2024
M1,N/A,8.5,2023
M1,Comedy,8.5,2023
,Action,8.5,2023
M2,Action,8.5,
M1,Action,8.5,2023
M2,N/A,8.5,2023
,Action,8.5,2023
M1,N/A,N/A,2023
,Action,,2023
M2,Drama,8.5,2024
M2,Action,N/A,
,Comedy,N/A,2024
M1,Action,N/A,
M2,Action,,
,N/A,,2024
M1,Drama,8.5,2023
,Action,,2023
M2,Drama,8.5,2023
M1,Comedy,,2024
,N/A,N/A,2024
M2,Action,N/A,2024
,Action,8.5,2023
,Action,8.5,
M1,Comedy,,2024
,Action,N/A,2024
,N/A,8.5,2024
M1,Action,8.5,2024
M1,Drama,,
,Drama,8.5,
M2,Comedy,8.5,
M2,Drama,8.5,2023
M1,Action,,
M2,Drama,8.5,2024
M2,Comedy,N/A,2023
M1,Drama,N/A,2024
M2,Action,,2023
M1,N/A,8.5,2023
M2,Drama,N/A,2024
,Drama,8.5,2023
,N/A,8.5,2023
M2,N/A,8.5,2023
M2,N/A,8.5,2024
M1,N/A,8.5,2023
,Action,8.5,2024
M2,Drama,8.5,2024
M1,N/A,N/A,
M1,N/A,8.5,
M2,Action,N/A,
M2,N/A,8.5,2024
M2,Comedy,,2023
M2,N/A,,2023
M1,N/A,N/A,2023
,Action,,2023
M2,Action,8.5,
M1,Action,,
,N/A,N/A,2023
M1,Drama,N/A,2024
,N/A,,2024
,Comedy,8.5,2024
,Action,N/A,
,N/A,8.5,
M1,Action,8.5,2023
M1,Action,8.5,
M1,Action,,
M1,Comedy,N/A,
M1,Comedy,8.5,
M2,Drama,,
M2,Drama,8.5,
M2,Drama,8.5,2024
,Drama,8.5,2024
M1,Action,8.5,
M2,Drama,8.5,2023
M2,Drama,N/A,2023
,N/A,8.5,2023
M1,Action,,2023
M2,Comedy,8.5,2024
M2,Comedy,,2023
M2,N/A,N/A,2023
M2,Action,N/A,2024
M2,Comedy,8.5,2023
,Drama,N/A,
M1,N/A,8.5,
M2,N/A,N/A,2024
,Comedy,N/A,2024
,Action,,
M2,N/A,N/A,2023
M2,Action,N/A,
M2,Comedy,8.5,
M2,Drama,8.5,2024
M1,Action,8.5,2023
M2,Drama,8.5,
,N/A,,
M1,N/A,8.5,2023
,Drama,,
M2,Comedy,,2023
M2,Comedy,N/A,2024
M1,Comedy,,2023
M1,Drama,8.5,
,Drama,N/A,2024
M2,Drama,N/A,
M1,Comedy,,
M2,N/A,8.5,
M2,N/A,8.5,2024
M2,Drama,8.5,2023
M2,Comedy,8.5,2023
M1,Drama,,2023
M1,Action,,2023
M1,N/A,8.5,2023
M2,Action,8.5,2023
M2,Comedy,8.5,2024
M1,Drama,N/A,
,Action,8.5,2024
,Drama,N/A,2024
M1,Drama,N/A,2024
M1,Action,N/A,2023
,N/A,,2023
M1,Drama,N/A,2023
M2,N/A,8.5,2024
M1,Action,8.5,
M1,N/A,8.5,2023
M1,N/A,8.5,2024
,N/A,8.5,2023
M2,Drama,,
M1,Drama,,2023
,Comedy,N/A,
M1,Comedy,N/A,
M1,Action,8.5,
M2,Drama,N/A,2023
,Drama,,
M1,N/A,,2023
M2,N/A,8.5,2023
,Drama,8.5,
M2,Action,,
M1,N/A,8.5,2023
M2,Drama,,2023
M1,Action,N/A,
,Drama,8.5,
,N/A,N/A,
M2,Comedy,8.5,2023
M2,Action,8.5,2023
,Comedy,,2023
M1,N/A,,2024
,Action,N/A,2023
,Action,N/A,2023
M2,Action,8.5,2023
M2,N/A,8.5,2023
,Action,8.5,
M2,N/A,8.5,
M2,Action,,2023
,Action,8.5,2023
M2,Drama,,
M2,Action,N/A,
M2,Drama,8.5,2024
M2,N/A,N/A,2024
,Comedy,8.5,2024
M2,Action,8.5,2023
M1,Drama,8.5,
,N/A,N/A,2023
M1,Action,8.5,2024
M2,Drama,N/A,
M2,N/A,8.5,2024
M1,Comedy,8.5,2024
M1,Drama,8.5,
,N/A,N/A,
M1,Action,,
,N/A,8.5,2023
M1,Drama,,2024
M2,Drama,,2024
,N/A,8.5,2023
M1,Action,,2024
M2,Action,,2023
M1,N/A,N/A,
,Comedy,8.5,2024
,Drama,8.5,2023
M1,N/A,N/A,
M1,Comedy,8.5,
,Drama,N/A,
M2,Comedy,8.5,2024
,Action,,2023
M1,Action,8.5,2023
,Comedy,N/A,
M1,N/A,N/A,2023
M1,Drama,N/A,2024
,Action,N/A,
,Comedy,8.5,2024
M1,Comedy,N/A,2023
M1,Action,N/A,2024
M1,Drama,8.5,2024
,Comedy,N/A,2024
,Comedy,8.5,2024
M1,Action,8.5,
M2,Comedy,8.5,
,Drama,N/A,2024
,Comedy,8.5,
M1,Comedy,8.5,2024
M2,N/A,N/A,2024
,Comedy,8.5,2023
,Drama,N/A,2023
,Drama,,2023
M2,N/A,,2024
M2,Comedy,8.5,2023
M1,N/A,8.5,
,Comedy,8.5,2023
M1,Drama,,2024
M1,Drama,8.5,2023
M2,Comedy,8.5,2024
M2,N/A,,2024
M1,Comedy,,2023
M1,Comedy,8.5,
M2,Comedy,8.5,
M1,N/A,N/A,2024
M2,N/A,8.5,2023
,Comedy,8.5,2023
,Comedy,8.5,2024
M1,Comedy,8.5,2023
M2,N/A,,
M2,Comedy,,
,Comedy,,2023
,Comedy,,
M1,Comedy,,
M1,Drama,N/A,2024
M2,Comedy,8.5,
,N/A,N/A,2023
M2,Drama,8.5,
,Drama,,
,Comedy,,2024
,Comedy,8.5,2023
,N/A,N/A,2024
,N/A,,2023
M2,Action,8.5,
,N/A,,2024
M2,Action,,2023
M1,Comedy,8.5,
,Drama,,2023
,Comedy,8.5,2023
,Action,8.5,
M2,N/A,8.5,2024
M2,Comedy,8.5,2024
,Comedy,,2023
,N/A,,
M1,Action,8.5,
,N/A,N/A,
M2,Drama,8.5,2024
,Drama,,2023
,Comedy,8.5,2023
M1,N/A,8.5,2024
M1,Drama,8.5,2024
M1,Action,N/A,
,Drama,8.5,2024
M1,Action,8.5,2024
M1,Drama,8.5,
M1,Action,8.5,2023
M2,N/A,N/A,2024
M2,Comedy,8.5,2024
,Action,N/A,
M1,N/A,8.5,
M1,Action,,
M1,Drama,8.5,
M1,Comedy,8.5,2024
M1,N/A,8.5,2024
M2,N/A,8.5,2024
,Drama,,
M1,Comedy,N/A,
M2,N/A,,
M1,Comedy,N/A,2024
M2,Comedy,N/A,2024
M2,N/A,8.5,2023
M1,Drama,8.5,2023
,Drama,8.5,2024
M1,Action,8.5,2023
,Action,N/A,2023
M1,Drama,N/A,
M2,N/A,N/A,2024
,Action,8.5,
M2,Action,,2024
,N/A,8.5,2023
M1,Action,8.5,
,Comedy,8.5,2023
M1,N/A,8.5,2024
M2,Action,N/A,2024
M2,N/A,8.5,2023
M2,Action,8.5,
M2,Comedy,N/A,2024
M1,Comedy,,2023
M2,Action,8.5,2023
,Action,N/A,2024
,Comedy,8.5,
M1,Action,8.5,2023
M2,Comedy,8.5,
,Comedy,,2024
M2,N/A,8.5,
,Action,8.5,2024
M2,Comedy,N/A,2024
,Drama,N/A,2023
,N/A,8.5,
M2,Drama,8.5,2023
M1,Comedy,,
M2,Drama,N/A,2024
M2,N/A,8.5,
M1,Drama,N/A,
,N/A,8.5,
,N/A,N/A,2023
M2,Comedy,8.5,2023
M1,Drama,8.5,2023
M1,Comedy,8.5,2023
M1,Action,8.5,2023
M1,Drama,N/A,2024
M2,Action,N/A,2023
,N/A,N/A,2023
M1,N/A,8.5,
M2,N/A,8.5,2023
M1,Comedy,N/A,2023
M2,Action,8.5,
M1,Drama,8.5,2024
M2,Drama,N/A,
M2,N/A,,2024
M1,Drama,8.5,
M2,Action,8.5,
,Comedy,N/A,
,N/A,N/A,
M2,Action,8.5,2023
,Action,8.5,
M1,Drama,8.5,2023
,Comedy,8.5,
M2,N/A,8.5,2024
M1,N/A,8.5,
M2,Comedy,8.5,
,Drama,,2024
M2,N/A,8.5,
,Action,8.5,2024
M2,Drama,8.5,2023
,Comedy,8.5,2024
M2,Action,8.5,2023
M2,Drama,8.5,2024
,Action,8.5,2023
M2,Action,,2023
M2,Drama,,2024
M1,Action,N/A,2023
,N/A,,2023
M1,Action,,2024
,Comedy,8.5,2024
,Comedy,,2023
M1,Action,8.5,2023
M2,Drama,N/A,2024
,Comedy,N/A,2023
M1,N/A,8.5,2024
M1,Drama,,
,N/A,8.5,2024
,Action,8.5,2023
,Comedy,N/A,
M1,N/A,8.5,2023
,Action,,
M2,Drama,,2023
M2,N/A,8.5,
,Drama,N/A,2023
M1,Comedy,8.5,
,Comedy,8.5,2023
M1,Action,8.5,2024
,N/A,8.5,
,Drama,8.5,2024
,Action,8.5,
M2,N/A,N/A,
M1,N/A,,2023
,Drama,8.5,2023
M2,N/A,N/A,2024
M1,Comedy,N/A,2024
M1,N/A,8.5,2024
M1,Action,8.5,2023
,N/A,8.5,2023
M1,Drama,N/A,2023
M1,Action,N/A,
M2,Drama,8.5,2023
,Action,N/A,2024
M1,N/A,8.5,2023
M1,Action,,
M2,Action,N/A,2023
M1,N/A,,2023
M1,Comedy,8.5,
M1,N/A,N/A,
M1,Drama,8.5,2023
M2,Comedy,8.5,2024
M1,Action,N/A,
M2,Drama,8.5,
M1,N/A,N/A,
,Comedy,N/A,
M2,Action,,
,Drama,8.5,2023
M2,Comedy,8.5,2023
M1,Comedy,8.5,
M1,Drama,8.5,2023
M2,N/A,8.5,
,Drama,N/A,2023
M2,Comedy,8.5,2023
,Action,8.5,2024
,Drama,,2023
M1,N/A,8.5,2023
M1,Action,8.5,2024
M2,Comedy,8.5,2023
M1,Drama,,
M1,Drama,N/A,2023
M2,Comedy,8.5,2024
M1,Action,8.5,2023
M2,Action,8.5,2023
,Action,8.5,2024
M2,Drama,,2024
M2,Drama,8.5,
,Action,,
M1,Action,8.5,2024
,Action,N/A,
M1,Drama,8.5,2024
M1,Comedy,8.5,2023
M2,Action,,2024
,Action,8.5,2024
M1,Action,N/A,
M2,Comedy,8.5,
M2,Comedy,8.5,
M1,Drama,8.5,2024
M1,Action,8.5,2023
M1,Drama,8.5,
,Drama,,2023
,Comedy,8.5,
M2,Action,N/A,
,Drama,N/A,2024
M2,Drama,8.5,2024
,N/A,8.5,2024
,Action,8.5,
M2,Drama,,2024
M1,Comedy,8.5,2023
M2,Drama,8.5,2024
M1,Comedy,N/A,2024
M1,Drama,8.5,2023
,N/A,8.5,
M1,N/A,8.5,
,N/A,,
M2,N/A,8.5,2023
,Drama,8.5,2024
M1,Action,8.5,2024
M2,N/A,N/A,
M1,Action,8.5,
M1,Action,8.5,2023
M1,Action,,
,Action,,
M1,Drama,8.5,
,Drama,,2024
M1,Drama,8.5,
,Drama,8.5,
,Action,8.5,
M2,Drama,8.5,2023
M2,Drama,8.5,
M2,Drama,,2023
M2,Drama,8.5,
,Action,N/A,
M1,Action,N/A,2024
,N/A,N/A,2023
,Drama,8.5,
M1,Comedy,N/A,2024
M1,Action,N/A,2023
,Comedy,N/A,2023
M1,Drama,N/A,
,Comedy,N/A,
M1,Action,8.5,2023
M1,Comedy,N/A,2024
M1,Action,N/A,2023
M2,Comedy,8.5,
M2,Comedy,,
M1,Action,N/A,2023
M1,Action,8.5,
M1,N/A,8.5,2023
,Drama,,2024
M1,Drama,8.5,2024
M2,Action,N/A,2024
,N/A,8.5,2024
M2,Comedy,N/A,2023
M1,Drama,8.5,
,N/A,N/A,2023
M2,Drama,8.5,2024
,Comedy,N/A,
M1,N/A,8.5,2024
M1,Comedy,N/A,2024
M2,N/A,8.5,
M1,Drama,8.5,2024
M2,Drama,8.5,2024
M1,Action,8.5,2024
,Drama,8.5,2024
,Comedy,,2023
M2,Comedy,8.5,2024
M2,Action,N/A,
M2,Comedy,N/A,2024
,Drama,8.5,2024
M2,Comedy,N/A,2024
M2,Action,8.5,
,N/A,,2023
M1,Action,8.5,
,N/A,N/A,
,Comedy,,
M1,Drama,8.5,2024
M2,N/A,,2023
,Drama,,2024
M2,Comedy,,
,Comedy,,2024
M1,Drama,N/A,
M1,Drama,8.5,2024
,N/A,8.5,2024
M2,Drama,8.5,
,Comedy,8.5,2024
M2,Drama,N/A,2023
,Drama,N/A,2024
M2,Action,8.5,2024
,N/A,,2024
M1,Comedy,8.5,2023
M2,Comedy,N/A,
M1,Action,N/A,
M1,Action,8.5,2024
M1,Comedy,,2024
M2,Drama,8.5,
M1,Drama,8.5,
,Action,8.5,2024
M2,Action,8.5,2024
M2,N/A,,
M1,N/A,8.5,2023
M2,Comedy,N/A,2023
,N/A,8.5,2023
,Comedy,N/A,2024
M1,N/A,,2024
M2,Action,,
M1,Comedy,,
M2,Drama,,
M1,Comedy,,2024
M2,Comedy,N/A,2023
M1,Comedy,8.5,
M2,Action,,
M1,N/A,,2024
M1,Drama,8.5,2023
,Drama,,2023
,Action,8.5,2024
M2,Comedy,8.5,2023
M2,N/A,N/A,2024
M2,Drama,,2024
,Drama,,
M1,Drama,N/A,2024
M1,Action,8.5,
M1,Action,,2024
M2,Action,8.5,
M1,Drama,8.5,2023
,Drama,8.5,
M2,Action,8.5,
M1,Drama,8.5,2023
M2,Action,8.5,
M1,N/A,8.5,2023
M1,Action,8.5,2023
M1,Comedy,N/A,
M1,Action,8.5,2023
M1,Comedy,,2023
M1,Action,,
M1,N/A,8.5,
,Action,8.5,2023
M1,Drama,8.5,2023
M1,Action,8.5,
M2,Drama,8.5,
,N/A,N/A,
M1,Drama,8.5,
M2,Action,8.5,2024
M2,N/A,8.5,2023
M1,Action,8.5,
M2,N/A,N/A,2023
,Comedy,8.5,
M1,N/A,8.5,2023
M1,N/A,,2023
M1,N/A,8.5,
,Action,8.5,
M1,N/A,,2024
,Drama,,2023
M1,N/A,8.5,2023
,Drama,8.5,2023
,N/A,8.5,2024
M2,Drama,,2024
M1,Drama,N/A,2023
M1,Drama,,2024
M1,N/A,,
M2,Comedy,,2024
M2,Drama,8.5,
M1,Drama,N/A,
,Action,8.5,
,Comedy,8.5,2023
M2,Comedy,N/A,
M2,Action,8.5,2023
M1,Comedy,8.5,
M2,Drama,8.5,
M1,Comedy,8.5,2023
,Drama,8.5,2023
M2,N/A,N/A,2024
,N/A,,2024
M2,Drama,,2023
M1,Action,8.5,
M2,Action,,2023
M1,Action,8.5,2024
M2,Drama,N/A,2023
,Action,N/A,
M1,Action,,2023
,Drama,8.5,2024
M2,Action,8.5,2023
M1,Comedy,N/A,2023
,Action,,2024
M2,Action,8.5,
M1,Comedy,8.5,2023
M2,Comedy,,
M2,Action,8.5,2023
M1,Comedy,,2024
M1,Action,,2023
M1,N/A,,2023
M1,N/A,8.5,2024
M1,Comedy,,
M2,Action,,2023
M1,Drama,N/A,
M1,Comedy,8.5,2023
,Action,,2023
M2,Action,8.5,2024
M2,Drama,,
M2,N/A,8.5,2023
M1,Comedy,8.5,2024
M2,Drama,8.5,2023
M1,Action,,2024
M1,N/A,N/A,
M2,N/A,,2023
,N/A,8.5,
M2,N/A,8.5,2023
M1,Drama,8.5,2023
,Comedy,8.5,2023
,N/A,8.5,2023
M2,Comedy,8.5,2024
M2,N/A,N/A,2023
M2,Drama,,
,Drama,8.5,2024
,Drama,8.5,
M2,N/A,,2023
,Action,8.5,2024
,Comedy,8.5,2024
M1,N/A,,2023
M1,Action,8.5,2024
